file,topic
best-esim-for-japan-travel.html,Best eSIM for Japan Travel
japan-esim-for-tourists.html,Japan eSIM for Tourists
japan-prepaid-esim.html,Japan Prepaid eSIM
japan-data-esim-plans.html,Japan Data eSIM Plans
japan-unlimited-data-esim.html,Japan Unlimited Data eSIM
buy-esim-for-japan-online.html,Buy eSIM for Japan Online
esim-for-japan-travel.html,eSIM for Japan Travel
best-japan-esim-plans.html,Best Japan eSIM Plans
japan-esim-card-guide.html,Japan eSIM Card Guide
japan-travel-esim-card.html,Japan Travel eSIM Card
japan-1gb-esim-plan.html,Japan 1GB eSIM Plan
japan-3gb-esim-plan.html,Japan 3GB eSIM Plan
japan-5gb-esim-plan.html,Japan 5GB eSIM Plan
japan-10gb-esim-plan.html,Japan 10GB eSIM Plan
japan-20gb-esim-plan.html,Japan 20GB eSIM Plan
japan-daily-esim-plans.html,Japan Daily eSIM Plans
japan-esim-for-7-days.html,Japan eSIM for 7 Days
japan-esim-for-10-days.html,Japan eSIM for 10 Days
japan-esim-for-14-days.html,Japan eSIM for 14 Days
japan-esim-for-15-days.html,Japan eSIM for 15 Days
japan-esim-for-30-days.html,Japan eSIM for 30 Days
japan-long-term-esim.html,Japan Long-Term eSIM
japan-5g-esim.html,Japan 5G eSIM
best-5g-esim-for-japan.html,Best 5G eSIM for Japan
japan-unlimited-esim-vs-fixed-data-esim.html,Japan Unlimited eSIM vs Fixed Data eSIM
tokyo-esim-guide.html,Tokyo eSIM Guide
esim-for-tokyo-travel.html,eSIM for Tokyo Travel
osaka-esim-guide.html,Osaka eSIM Guide
kyoto-esim-guide.html,Kyoto eSIM Guide
hokkaido-esim-guide.html,Hokkaido eSIM Guide
okinawa-esim-guide.html,Okinawa eSIM Guide
sapporo-esim-guide.html,Sapporo eSIM Guide
fukuoka-esim-guide.html,Fukuoka eSIM Guide
nagoya-esim-guide.html,Nagoya eSIM Guide
hiroshima-esim-guide.html,Hiroshima eSIM Guide
mount-fuji-esim-guide.html,Mount Fuji eSIM Guide
nara-esim-guide.html,Nara eSIM Guide
hakone-esim-guide.html,Hakone eSIM Guide
kobe-esim-guide.html,Kobe eSIM Guide
yokohama-esim-guide.html,Yokohama eSIM Guide
narita-airport-esim-guide.html,Narita Airport eSIM Guide
haneda-airport-esim-guide.html,Haneda Airport eSIM Guide
kansai-airport-esim-guide.html,Kansai Airport eSIM Guide
chubu-centrair-airport-esim-guide.html,Chubu Centrair Airport eSIM Guide
fukuoka-airport-esim-guide.html,Fukuoka Airport eSIM Guide
new-chitose-airport-esim-guide.html,New Chitose Airport eSIM Guide
naha-airport-esim-guide.html,Naha Airport eSIM Guide
japan-airport-esim-vs-online-esim.html,Japan Airport eSIM vs Online eSIM
japan-esim-for-iphone.html,Japan eSIM for iPhone
how-to-install-japan-esim-on-iphone.html,How to Install Japan eSIM on iPhone
japan-esim-not-working-on-iphone.html,Japan eSIM Not Working on iPhone
japan-esim-for-android.html,Japan eSIM for Android
japan-esim-for-samsung.html,Japan eSIM for Samsung
japan-esim-for-google-pixel.html,Japan eSIM for Google Pixel
japan-esim-compatible-devices.html,Japan eSIM Compatible Devices
can-iphone-use-esim-in-japan.html,Can iPhone Use eSIM in Japan?
japan-esim-for-iphone-15.html,Japan eSIM for iPhone 15
japan-esim-for-iphone-16.html,Japan eSIM for iPhone 16
how-to-use-esim-in-japan.html,How to Use eSIM in Japan
japan-esim-activation-guide.html,Japan eSIM Activation Guide
when-to-install-japan-esim.html,When to Install Japan eSIM
japan-esim-not-working.html,Japan eSIM Not Working
japan-esim-no-signal.html,Japan eSIM No Signal
japan-esim-data-roaming-settings.html,Japan eSIM Data Roaming Settings
japan-esim-apn-settings.html,Japan eSIM APN Settings
japan-esim-qr-code-guide.html,Japan eSIM QR Code Guide
can-you-reinstall-a-japan-esim.html,Can You Reinstall a Japan eSIM?
japan-esim-top-up-guide.html,Japan eSIM Top-Up Guide
japan-esim-validity-explained.html,Japan eSIM Validity Explained
japan-esim-before-departure-checklist.html,Japan eSIM Before Departure Checklist
japan-esim-vs-pocket-wifi.html,Japan eSIM vs Pocket WiFi
japan-esim-vs-sim-card.html,Japan eSIM vs SIM Card
japan-esim-vs-roaming.html,Japan eSIM vs Roaming
online-japan-esim-vs-airport-sim.html,Online Japan eSIM vs Airport SIM
japan-esim-vs-physical-sim-card.html,Japan eSIM vs Physical SIM Card
japan-esim-vs-pocket-wifi-for-families.html,Japan eSIM vs Pocket WiFi for Families
japan-esim-vs-local-sim-card.html,Japan eSIM vs Local SIM Card
japan-esim-vs-travel-sim-card.html,Japan eSIM vs Travel SIM Card
japan-esim-networks.html,Japan eSIM Networks
softbank-esim-japan-guide.html,SoftBank eSIM Japan Guide
docomo-esim-japan-guide.html,Docomo eSIM Japan Guide
au-esim-japan-guide.html,au eSIM Japan Guide
softbank-vs-docomo-vs-au-for-japan-esim.html,SoftBank vs Docomo vs au for Japan eSIM
japan-esim-coverage-guide.html,Japan eSIM Coverage Guide
japan-4g-vs-5g-esim.html,Japan 4G vs 5G eSIM
japan-esim-for-families.html,Japan eSIM for Families
japan-esim-for-business-travel.html,Japan eSIM for Business Travel
japan-esim-for-digital-nomads.html,Japan eSIM for Digital Nomads
japan-esim-for-students.html,Japan eSIM for Students
japan-esim-for-remote-work.html,Japan eSIM for Remote Work
japan-esim-for-solo-travelers.html,Japan eSIM for Solo Travelers
japan-esim-for-group-travel.html,Japan eSIM for Group Travel
japan-esim-for-first-time-visitors.html,Japan eSIM for First-Time Visitors
japan-esim-for-backpackers.html,Japan eSIM for Backpackers
